datetime,open,high,low,close,volume
2024-08-21T00:00:00+00:00,127.17,130.67,123.03,129.25,405597
2024-08-24T00:00:00+00:00,129.25,131.19,124.31,126.41,150450
2024-08-27T00:00:00+00:00,126.41,129.13,116.65,117.52,429425
2024-08-30T00:00:00+00:00,117.52,121.67,117.15,119.32,148604
2024-09-02T00:00:00+00:00,119.32,119.32,104.04,106.11,267759
2024-09-05T00:00:00+00:00,106.11,109.58,100.88,102.79,279763
2024-09-08T00:00:00+00:00,102.79,109.27,102.79,107.97,277711
2024-09-11T00:00:00+00:00,107.97,120.68,107.31,118.97,456487
2024-09-14T00:00:00+00:00,118.97,118.97,114.23,116.62,105287
2024-09-17T00:00:00+00:00,116.62,119.55,113.13,117.91,396319
2024-09-20T00:00:00+00:00,117.91,118.49,115.28,115.92,107188
2024-09-23T00:00:00+00:00,115.92,124.83,114.75,123.4,314703
2024-09-26T00:00:00+00:00,123.4,127.54,119.13,121.27,268024
2024-09-29T00:00:00+00:00,121.27,122.32,115.66,116.89,272258
2024-10-02T00:00:00+00:00,116.89,124.89,115.02,124.74,314167
2024-10-05T00:00:00+00:00,124.74,130.53,124.74,127.6,120974
2024-10-08T00:00:00+00:00,127.6,134.89,127.6,134.69,307881
2024-10-11T00:00:00+00:00,134.69,135.67,133.54,134.67,57411
2024-10-14T00:00:00+00:00,134.67,139.49,128.62,135.53,324394
2024-10-17T00:00:00+00:00,135.53,140.77,135.53,137.86,195594
2024-10-20T00:00:00+00:00,137.86,144.31,137.86,143.47,195665
2024-10-23T00:00:00+00:00,143.47,144.02,137.34,141.37,323795
2024-10-26T00:00:00+00:00,141.37,143,139.93,140.41,90051
2024-10-29T00:00:00+00:00,140.41,142.14,131.99,132.64,327536
2024-11-01T00:00:00+00:00,132.64,137.19,132.64,135.34,124441
2024-11-04T00:00:00+00:00,135.34,146.38,135.34,145.45,358589
2024-11-07T00:00:00+00:00,145.45,149.65,145.45,147.51,195993
2024-11-10T00:00:00+00:00,147.51,149.5,143.45,148.23,230233
2024-11-13T00:00:00+00:00,148.23,149.2,139.95,141.77,374450
2024-11-16T00:00:00+00:00,141.77,141.77,137.03,140.06,109927
2024-11-19T00:00:00+00:00,140.06,152.77,140.06,146.54,424708
2024-11-22T00:00:00+00:00,146.54,147.03,140.98,141.82,117733
2024-11-25T00:00:00+00:00,141.82,141.91,131.8,135.27,302958
2024-11-28T00:00:00+00:00,135.27,139.22,135.27,137.96,59847
2024-12-01T00:00:00+00:00,137.96,140.41,137.7,140.11,154253
2024-12-04T00:00:00+00:00,140.11,146.42,140.11,142.31,273367
2024-12-07T00:00:00+00:00,142.31,142.31,136.96,138.63,100369
2024-12-10T00:00:00+00:00,138.63,141.64,133.62,137.15,320463
2024-12-13T00:00:00+00:00,137.15,139.42,132.37,134.07,105206
2024-12-16T00:00:00+00:00,134.07,136.53,126.69,128.45,329842
2024-12-19T00:00:00+00:00,128.45,135.11,128.05,134.77,268050
2024-12-22T00:00:00+00:00,134.77,141.73,134.77,139.83,143673
2024-12-25T00:00:00+00:00,139.83,140.67,134.55,136.95,213684
2024-12-28T00:00:00+00:00,136.95,140.1,133.85,137.29,105088
2024-12-31T00:00:00+00:00,137.29,138.52,133.66,137.95000000000002,244124
2025-01-03T00:00:00+00:00,137.95000000000002,144.55,137.95000000000002,144.20000000000002,111565
2025-01-06T00:00:00+00:00,144.20000000000002,152.75000000000003,137.53000000000003,139.70000000000002,479375
2025-01-09T00:00:00+00:00,139.70000000000002,139.70000000000002,133.87000000000003,135.62000000000003,136326
2025-01-12T00:00:00+00:00,135.62000000000003,135.96,129.17000000000002,131.49,282719
2025-01-15T00:00:00+00:00,131.49,138.35000000000002,130.95000000000002,137.37000000000003,341831
2025-01-21T00:00:00+00:00,137.37000000000003,147.45000000000002,136.74,146.87000000000003,296943
2025-01-24T00:00:00+00:00,146.87000000000003,148.61,141.53000000000003,142.28000000000003,116270
2025-01-27T00:00:00+00:00,142.28000000000003,142.28000000000003,115.89000000000001,123.47000000000003,461283
2025-01-30T00:00:00+00:00,123.47000000000003,127.51000000000002,117.75000000000003,119.68000000000002,322774
2025-02-02T00:00:00+00:00,119.68000000000002,120.86000000000003,112.66000000000003,118.38000000000002,301793
2025-02-05T00:00:00+00:00,118.38000000000002,130.03000000000003,118.38000000000002,129.53000000000003,370364
2025-02-08T00:00:00+00:00,129.53000000000003,134.65000000000003,129.53000000000003,133.11,96467
2025-02-11T00:00:00+00:00,133.11,136.16000000000003,128.72000000000003,134.92000000000002,322166
2025-02-14T00:00:00+00:00,134.92000000000002,138.86,134.92000000000002,138.48000000000002,84403
2025-02-17T00:00:00+00:00,138.48000000000002,143.09000000000003,136.87000000000003,138.89000000000001,228399
2025-02-20T00:00:00+00:00,138.89000000000001,141.10000000000002,133.68000000000004,134.01000000000002,268527
2025-02-23T00:00:00+00:00,134.01000000000002,138.23000000000002,124.11000000000003,126.21000000000002,360122
2025-02-26T00:00:00+00:00,126.21000000000002,134.63000000000002,116.06000000000002,124.59000000000002,633276
2025-03-01T00:00:00+00:00,124.59000000000002,124.59000000000002,111.93000000000002,113.68000000000002,206321
2025-03-04T00:00:00+00:00,113.68000000000002,118.96000000000002,109.75000000000003,110.27000000000002,631382
2025-03-07T00:00:00+00:00,110.27000000000002,113.14000000000001,107.21000000000002,112.35000000000002,248370
2025-03-10T00:00:00+00:00,112.35000000000002,116.52000000000001,104.54000000000002,115.54000000000002,743561.119987566
2025-03-13T00:00:00+00:00,115.54000000000002,121.64000000000001,113.54000000000002,121.30000000000001,367950
2025-03-16T00:00:00+00:00,121.30000000000001,122.64000000000001,114.30000000000001,115.38000000000001,341584
2025-03-19T00:00:00+00:00,115.38000000000001,120.20000000000002,115.17000000000002,117.39000000000001,462971
2025-03-22T00:00:00+00:00,117.39000000000001,121.98000000000002,117.39000000000001,121.02000000000001,98336
2025-03-25T00:00:00+00:00,121.02000000000001,121.05000000000001,110.42000000000002,111.17000000000002,350976
2025-03-28T00:00:00+00:00,111.17000000000002,112.61000000000001,108.83000000000001,109.38000000000001,133852
2025-03-31T00:00:00+00:00,109.38000000000001,110.00000000000001,103.45000000000002,109.94000000000001,276363
2025-04-03T00:00:00+00:00,109.94000000000001,109.94000000000001,91.66000000000001,93.92,482496
2025-04-06T00:00:00+00:00,93.92,105.42,86.18,96.13000000000001,636876
2025-04-09T00:00:00+00:00,96.13000000000001,114.66000000000001,96.13000000000001,110.27000000000001,918002
2025-04-12T00:00:00+00:00,110.27000000000001,113.81,108.63000000000001,110.30000000000001,199329
2025-04-15T00:00:00+00:00,110.30000000000001,113.18,99.60000000000001,101.05000000000001,456305
2025-04-21T00:00:00+00:00,101.05000000000001,104.34,94.59,102.22000000000001,407884
2025-04-24T00:00:00+00:00,102.22000000000001,111.49000000000001,102.22000000000001,110.49000000000001,241133
2025-04-27T00:00:00+00:00,110.49000000000001,110.49000000000001,105.58000000000001,108.49000000000001,247759
2025-04-30T00:00:00+00:00,108.49000000000001,114.93,103.63000000000001,114.04,377623
2025-05-03T00:00:00+00:00,114.04,114.23,112.22000000000001,113.33000000000001,89646
2025-05-06T00:00:00+00:00,113.33000000000001,118.25,110.38000000000001,116.94000000000001,392026
2025-05-09T00:00:00+00:00,116.94000000000001,117.80000000000001,114.77000000000001,116.2,98795
2025-05-12T00:00:00+00:00,116.2,135,116.2,134.91,346793
2025-05-15T00:00:00+00:00,134.91,135.87,132.22,134.9,213727
2025-05-18T00:00:00+00:00,134.9,135.44,131.92000000000002,134.00999999999993,185300.32401216787
2025-05-21T00:00:00+00:00,134.00999999999993,137.03999999999994,128.77999999999994,130.95999999999995,471714
2025-05-27T00:00:00+00:00,130.95999999999995,143.09999999999994,130.95999999999995,138.80999999999995,333267
2025-05-30T00:00:00+00:00,138.80999999999995,139.21999999999994,132.54999999999995,134.48999999999995,149694
2025-06-02T00:00:00+00:00,134.48999999999995,142.00999999999993,134.48999999999995,141.45999999999995,311271
2025-06-05T00:00:00+00:00,141.45999999999995,143.60999999999996,138.45999999999995,141.33999999999995,288769
2025-06-08T00:00:00+00:00,141.33999999999995,144.62999999999994,141.15999999999994,143.56999999999994,213677
2025-06-11T00:00:00+00:00,143.56999999999994,144.64999999999995,140.47999999999993,141.60999999999996,390759
2025-06-14T00:00:00+00:00,141.60999999999996,145.80999999999995,141.60999999999996,144.29999999999995,105161
2025-06-17T00:00:00+00:00,144.29999999999995,145.24999999999994,142.74999999999994,145.09999999999994,239641
2025-06-20T00:00:00+00:00,145.09999999999994,145.80999999999995,142.27999999999994,143.39999999999995,132797
2025-06-23T00:00:00+00:00,143.39999999999995,154.07999999999996,141.65999999999994,153.96999999999994,319257
2025-06-26T00:00:00+00:00,153.96999999999994,158.34999999999994,153.65999999999994,157.39999999999995,228934
2025-06-29T00:00:00+00:00,157.39999999999995,158.25999999999993,151.12999999999994,152.89999999999995,245515
2025-07-02T00:00:00+00:00,152.89999999999995,160.61999999999995,152.57999999999996,158.93999999999994,174161
2025-07-05T00:00:00+00:00,158.93999999999994,158.93999999999994,156.96999999999994,157.88999999999993,121140
2025-07-08T00:00:00+00:00,157.88999999999993,164.12999999999994,157.88999999999993,163.72999999999993,295067
2025-07-11T00:00:00+00:00,163.72999999999993,167.50999999999993,163.13999999999993,164.50999999999993,111708
2025-07-14T00:00:00+00:00,164.50999999999993,171.86999999999995,161.64999999999995,170.80999999999995,370067.82144513214
2025-07-17T00:00:00+00:00,170.80999999999995,173.67999999999995,170.29999999999995,171.85999999999996,182257
2025-07-20T00:00:00+00:00,171.85999999999996,172.81999999999994,164.05999999999995,166.49999999999994,210994
2025-07-23T00:00:00+00:00,166.49999999999994,174.19999999999996,166.49999999999994,172.95999999999995,250657
2025-07-26T00:00:00+00:00,172.95999999999995,176.29999999999995,172.95999999999995,176.25999999999993,73212
2025-07-29T00:00:00+00:00,176.25999999999993,182.69999999999996,174.63999999999996,177.33999999999995,412732
2025-08-01T00:00:00+00:00,177.33999999999995,177.33999999999995,170.35999999999996,173.09999999999994,219564
2025-08-04T00:00:00+00:00,173.09999999999994,179.72999999999993,173.09999999999994,178.88999999999996,402495
2025-08-07T00:00:00+00:00,178.88999999999996,183.33999999999995,178.25999999999993,182.24999999999994,283254
2025-08-10T00:00:00+00:00,182.24999999999994,183.31999999999994,178.92999999999995,182.58999999999995,233407
2025-08-13T00:00:00+00:00,182.58999999999995,183.43999999999994,177.50999999999993,179.90999999999994,336304
2025-08-16T00:00:00+00:00,179.90999999999994,182.40999999999994,179.90999999999994,181.48999999999995,100839
2025-08-19T00:00:00+00:00,181.48999999999995,181.93999999999994,168.27999999999994,174.45999999999995,477754
2025-08-22T00:00:00+00:00,174.45999999999995,178.06999999999994,170.66999999999996,177.48999999999995,129769
2025-08-25T00:00:00+00:00,177.48999999999995,181.93999999999994,176.01999999999995,181.05999999999995,251989
2025-08-28T00:00:00+00:00,181.05999999999995,183.82999999999996,172.57999999999996,173.63999999999996,261304
2025-08-31T00:00:00+00:00,173.63999999999996,173.63999999999996,166.65999999999994,170.20999999999995,148852
2025-09-03T00:00:00+00:00,170.20999999999995,171.85999999999996,163.50999999999993,166.48999999999995,393474
2025-09-06T00:00:00+00:00,166.48999999999995,170.35999999999996,166.48999999999995,167.71999999999994,101469
2025-09-09T00:00:00+00:00,167.71999999999994,179.63999999999996,166.12999999999994,176.51999999999995,325567
2025-09-12T00:00:00+00:00,176.51999999999995,177.99999999999994,175.82999999999996,177.18999999999994,80832
2025-09-15T00:00:00+00:00,177.18999999999994,177.66999999999996,167.79999999999995,169.60999999999996,323688
2025-09-18T00:00:00+00:00,169.60999999999996,177.47999999999993,169.60999999999996,175.90999999999994,219076
2025-09-21T00:00:00+00:00,175.90999999999994,183.93999999999994,174.10999999999996,177.84999999999994,251610
2025-09-24T00:00:00+00:00,177.84999999999994,179.63999999999996,172.51999999999995,177.58999999999995,413754
2025-09-27T00:00:00+00:00,177.58999999999995,183.38999999999996,177.58999999999995,181.21999999999994,111246
2025-09-30T00:00:00+00:00,181.21999999999994,190.41999999999996,180.85999999999996,188.31999999999994,380016
2025-10-03T00:00:00+00:00,188.31999999999994,189.75999999999993,184.95999999999995,187.22999999999993,132117.04804646253
2025-10-06T00:00:00+00:00,187.22999999999993,189.00999999999993,182.90999999999994,188.65999999999994,348024
2025-10-09T00:00:00+00:00,188.65999999999994,195.18999999999994,182.50999999999993,182.71999999999994,400169
2025-10-12T00:00:00+00:00,182.71999999999994,189.68999999999994,179.32999999999996,179.62999999999994,303620
2025-10-15T00:00:00+00:00,179.62999999999994,184.39999999999995,176.86999999999995,182.81999999999994,595522
2025-10-18T00:00:00+00:00,182.81999999999994,184.77999999999994,181.30999999999995,182.15999999999994,96604
2025-10-21T00:00:00+00:00,182.15999999999994,183.02999999999994,176.36999999999995,181.79999999999995,420938
2025-10-24T00:00:00+00:00,181.79999999999995,187.05999999999995,181.79999999999995,185.82999999999996,80632
2025-10-27T00:00:00+00:00,185.82999999999996,211.72999999999993,185.82999999999996,206.76999999999995,451469
2025-10-30T00:00:00+00:00,206.76999999999995,207.55999999999995,200.99999999999994,202.10999999999996,350288
2025-11-02T00:00:00+00:00,202.10999999999996,210.90999999999994,197.51999999999995,198.27999999999994,291303
2025-11-05T00:00:00+00:00,198.27999999999994,202.49999999999994,178.50999999999993,187.83999999999995,662680
2025-11-08T00:00:00+00:00,187.83999999999995,199.52999999999994,187.83999999999995,198.63999999999993,165293
2025-11-11T00:00:00+00:00,198.63999999999993,198.63999999999993,183.42999999999995,186.54999999999995,639044
2025-11-14T00:00:00+00:00,186.54999999999995,190.57999999999996,180.14999999999995,189.86999999999995,218758
2025-11-17T00:00:00+00:00,189.86999999999995,189.86999999999995,179.22999999999993,186.31999999999994,787957
2025-11-20T00:00:00+00:00,186.31999999999994,195.55999999999995,172.52999999999994,178.53999999999994,689810
2025-11-23T00:00:00+00:00,178.53999999999994,183.03999999999994,169.12999999999994,177.37999999999994,370548
2025-11-26T00:00:00+00:00,177.37999999999994,182.48999999999995,175.98999999999995,176.21999999999994,202461
2025-11-29T00:00:00+00:00,176.21999999999994,179.87999999999994,173.25999999999993,179.57999999999996,141826
2025-12-02T00:00:00+00:00,179.57999999999996,185.22999999999993,178.68999999999994,182.95999999999995,429970
2025-12-05T00:00:00+00:00,182.95999999999995,184.23999999999995,180.48999999999995,181.94999999999993,123032
2025-12-08T00:00:00+00:00,181.94999999999993,187.52999999999994,181.60999999999996,183.34999999999994,366252
2025-12-11T00:00:00+00:00,183.34999999999994,183.34999999999994,174.20999999999995,174.59999999999994,317406
2025-12-14T00:00:00+00:00,174.59999999999994,177.98999999999995,174.49999999999994,177.08999999999995,324741
2025-12-17T00:00:00+00:00,177.08999999999995,180.64999999999995,169.88999999999993,180.54999999999995,478373
2025-12-20T00:00:00+00:00,180.54999999999995,183.73999999999995,180.54999999999995,183.22999999999993,82212
2025-12-23T00:00:00+00:00,183.22999999999993,188.90999999999994,182.46999999999994,187.91999999999993,112254
2025-12-26T00:00:00+00:00,188.17,192.53,188.17,190.31,70885
2025-12-29T00:00:00+00:00,190.31,190.37999999999997,185.74,186.49999999999991,208226.3722269091
2026-01-01T00:00:00+00:00,186.49999999999991,190.58999999999992,185.95999999999992,186.49999999999994,172793
2026-01-04T00:00:00+00:00,186.49999999999994,191.28999999999994,183.82999999999993,185.00999999999993,239494
2026-01-07T00:00:00+00:00,185.00999999999993,189.02999999999994,181.35999999999993,182.52999999999994,360995
2026-01-10T00:00:00+00:00,182.52999999999994,184.81999999999994,180.74999999999994,182.61999999999995,94003
2026-01-13T00:00:00+00:00,182.61999999999995,187.40999999999994,178.54999999999995,184.80999999999995,433211
2026-01-16T00:00:00+00:00,184.80999999999995,188.13999999999996,183.77999999999994,183.82999999999996,116144
2026-01-19T00:00:00+00:00,183.82999999999996,183.82999999999996,175.37999999999994,181.06999999999994,388496
2026-01-22T00:00:00+00:00,181.06999999999994,187.26999999999995,181.06999999999994,185.33999999999995,228805
2026-01-25T00:00:00+00:00,185.33999999999995,187.69999999999996,183.39999999999995,186.27999999999994,167759
2026-01-28T00:00:00+00:00,186.27999999999994,192.18999999999994,183.75999999999993,189.11999999999995,508009
2026-01-31T00:00:00+00:00,189.11999999999995,189.11999999999995,182.58999999999995,183.37999999999994,118359
2026-02-03T00:00:00+00:00,183.37999999999994,183.94999999999996,168.79999999999995,169.54999999999995,719836
2026-02-06T00:00:00+00:00,169.54999999999995,184.64999999999995,169.54999999999995,182.99999999999994,173006
2026-02-09T00:00:00+00:00,182.99999999999994,191.35999999999996,181.68999999999994,187.73999999999995,470751
2026-02-12T00:00:00+00:00,187.73999999999995,191.29999999999995,179.27999999999994,180.46999999999994,445793
2026-02-15T00:00:00+00:00,180.46999999999994,184.85999999999996,176.86999999999995,182.71999999999994,216405
2026-02-18T00:00:00+00:00,182.71999999999994,188.06999999999994,182.71999999999994,187.6299999999999,517770
2026-02-21T00:00:00+00:00,187.6299999999999,191.7299999999999,187.3799999999999,189.4499999999999,150921
2026-02-24T00:00:00+00:00,189.4499999999999,195.4199999999999,181.23999999999998,181.78999999999996,438547.91443741875
2026-02-27T00:00:00+00:00,181.78999999999996,181.78999999999996,173.49999999999994,174.12999999999997,164385.43247164338
2026-03-02T00:00:00+00:00,174.12999999999997,183.82999999999996,173.77999999999994,182.07999999999996,599312
2026-03-05T00:00:00+00:00,182.07999999999996,183.18999999999994,175.94999999999996,176.83999999999995,470934
2026-03-08T00:00:00+00:00,176.83999999999995,185.54999999999995,174.70999999999995,183.86999999999995,398386
2026-03-11T00:00:00+00:00,183.86999999999995,185.57999999999996,177.90999999999994,178.22999999999996,514499
2026-03-14T00:00:00+00:00,178.22999999999996,186.80999999999995,178.22999999999996,181.15999999999994,138460
2026-03-17T00:00:00+00:00,181.15999999999994,183.33999999999995,173.77999999999994,176.52999999999994,429630
2026-03-20T00:00:00+00:00,176.52999999999994,176.52999999999994,169.69999999999996,170.96999999999994,150402
2026-03-23T00:00:00+00:00,170.96999999999994,179.19999999999996,170.96999999999994,176.66999999999996,490453
2026-03-26T00:00:00+00:00,176.66999999999996,176.66999999999996,164.95999999999995,165.39999999999995,285162.73853096017
2026-03-29T00:00:00+00:00,165.39999999999995,172.57999999999993,162.22999999999993,172.34999999999994,357675
2026-04-01T00:00:00+00:00,172.34999999999994,175.46999999999994,169.33999999999995,175.41999999999996,296972.60051578045
2026-04-04T00:00:00+00:00,175.41999999999996,175.69999999999996,173.74999999999994,175.57999999999996,124388
2026-04-07T00:00:00+00:00,175.57999999999996,183.19999999999996,171.63999999999996,181.84999999999997,389118.9386239703
2026-04-10T00:00:00+00:00,181.84999999999997,187.95,181.84999999999997,186.61999999999998,102040.80899444164
2026-04-13T00:00:00+00:00,186.61999999999998,198.35,183.67,196.84,278946.0566910914
2026-04-16T00:00:00+00:00,196.84,199.64000000000001,193.76,199.60000000000002,231741.6747069432
2026-04-19T00:00:00+00:00,199.60000000000002,200.68,195.77,197.86,201023
2026-04-22T00:00:00+00:00,197.86,208.87000000000003,195.17000000000002,206.12000000000003,321717.5975224068
2026-04-25T00:00:00+00:00,206.12000000000003,214.76000000000002,205.31000000000003,214.58,114202
2026-04-28T00:00:00+00:00,214.58,214.58,196.56,197.44,339963.02217563987
2026-05-01T00:00:00+00:00,197.44,200.84,194.99,196.28,100265.80743243243
2026-05-04T00:00:00+00:00,196.28,206.13,192.61,205.55,274916.99211461574
2026-05-07T00:00:00+00:00,205.55,215.64000000000001,204.37,213.06000000000003,205437.40869272238
2026-05-10T00:00:00+00:00,213.06000000000003,221.62000000000003,211.79000000000002,218.90000000000003,211554
2026-05-13T00:00:00+00:00,218.90000000000003,234.42000000000004,218.90000000000003,223.15000000000006,337681.8578184877
2026-05-16T00:00:00+00:00,223.15000000000006,227.78000000000006,216.21000000000006,220.20000000000007,151358
2026-05-19T00:00:00+00:00,220.20000000000007,225.10000000000005,215.70000000000005,217.26000000000005,388613.40246192366
2026-05-22T00:00:00+00:00,217.26000000000005,218.68000000000006,212.59000000000003,212.99000000000004,99221.84404474666
2026-05-25T00:00:00+00:00,212.99000000000004,215.92000000000004,206.52000000000004,210.37000000000003,195935.33201027318
2026-05-28T00:00:00+00:00,210.37000000000003,215.63000000000002,208.94000000000003,209.22000000000003,179542.8043048284
2026-05-31T00:00:00+00:00,209.22000000000003,230.08,209.22000000000003,220.64000000000001,204545
2026-06-03T00:00:00+00:00,220.64000000000001,220.64000000000001,201.02999999999997,201.83999999999997,401316.93332190963
2026-06-06T00:00:00+00:00,201.83999999999997,207.01999999999998,201.83999999999997,205.39,130101
2026-06-09T00:00:00+00:00,205.39,208.09999999999997,196.04999999999998,201.36999999999998,638854.2074198988
2026-06-12T00:00:00+00:00,201.36999999999998,203.79,200.13,201.86999999999998,136223.21665208152
2026-06-15T00:00:00+00:00,201.86999999999998,209.42999999999998,200.15,201.39000000000001,371694.00401117397
2026-06-18T00:00:00+00:00,201.39000000000001,208.11000000000004,201.39000000000001,206.99000000000004,115919.00498549
2026-06-21T00:00:00+00:00,206.99000000000004,210.70000000000005,196.73000000000005,196.75000000000006,272206
2026-06-24T00:00:00+00:00,196.75000000000006,198.35000000000005,187.91000000000003,188.49000000000007,481621.1715590358
2026-06-27T00:00:00+00:00,188.49000000000007,192.87000000000006,186.53000000000006,191.64000000000007,119849
2026-06-30T00:00:00+00:00,191.64000000000007,197.36000000000007,189.0100000000001,191.2200000000001,379154.85146681225
2026-07-06T00:00:00+00:00,191.2200000000001,201.8500000000001,187.8200000000001,200.7900000000001,381917.35843784525
2026-07-09T00:00:00+00:00,200.7900000000001,207.66000000000014,195.67000000000013,207.62000000000012,218244.77317946678
2026-07-12T00:00:00+00:00,207.62000000000012,209.20000000000013,200.0000000000001,208.48000000000013,248082
2026-07-15T00:00:00+00:00,208.48000000000013,210.44000000000014,194.6400000000001,199.29000000000008,426212.24248919304
2026-07-18T00:00:00+00:00,199.29000000000008,204.35000000000008,198.9300000000001,200.01000000000008,122899
2026-07-21T00:00:00+00:00,200.01000000000008,211.0500000000001,200.01000000000008,205.47000000000008,366740.1587144971
2026-07-24T00:00:00+00:00,205.47000000000008,208.5600000000001,201.50000000000009,203.6700000000001,162124
2026-07-27T00:00:00+00:00,203.6700000000001,205.3100000000001,186.7300000000001,186.79000000000008,463294.2895655149
2026-07-30T00:00:00+00:00,186.79000000000008,198.6500000000001,186.79000000000008,197.5600000000001,281539
2026-08-02T00:00:00+00:00,197.5600000000001,209.76000000000008,193.5600000000001,208.5500000000001,236508
2026-08-05T00:00:00+00:00,208.5500000000001,221.50000000000006,208.5500000000001,220.64000000000007,409628.7978142076
2026-08-08T00:00:00+00:00,220.64000000000007,220.82000000000008,213.49000000000007,214.29000000000008,118947
2026-08-11T00:00:00+00:00,214.29000000000008,223.92000000000007,213.01000000000008,222.09000000000006,286164.47380212473
2026-08-14T00:00:00+00:00,222.09000000000006,224.21000000000006,221.22000000000008,221.9500000000001,92963.21777386713
2026-08-17T00:00:00+00:00,221.9500000000001,224.6700000000001,213.5000000000001,214.4300000000001,300251.0520231214
2026-08-20T00:00:00+00:00,214.4300000000001,216.57000000000008,211.3100000000001,211.5100000000001,200862
2026-08-23T00:00:00+00:00,211.5100000000001,212.19000000000008,204.4500000000001,209.80000000000007,185525
2026-08-26T00:00:00+00:00,209.80000000000007,226.92000000000007,206.0800000000001,213.99000000000007,358843
2026-08-29T00:00:00+00:00,213.99000000000007,217.72000000000008,212.67000000000007,217.11000000000007,83681
2026-09-01T00:00:00+00:00,217.11000000000007,217.11000000000007,211.54000000000008,213.99000000000007,94333
